input_name,input_id,image,caption,credit,offset
Logic chip design: Advanced CPUs,N1,51396070675_1a69e68d4e_k.jpg (https://v5.airtableusercontent.com/v3/u/40/40/1745280000000/49dfBBPxGKVjUakGciKYoA/lLkpKneCt6T7jSw9JqrIVYehPnJA7E2-5bvEFaqxJ-EUKiQJld4dFEOV7cOJhQq_dXlJtW9Xks0hhpO9FdRoicBGQYGZ1w1cOuAntldXummhRjcgdOq3c5R9u-DDUv074h2kf4ikPszYQ_BK8oZKaxTuZe1XYGZwScHPjo2CofI/AN3Xu0xgogPk1WOjb_ITCGSSqw7GZcQQ7bD3vaAImYo),"This AMD ""system on a chip"" device (SoC) includes an advanced, 7nm processor along with other types of components. The penny-size processor contains billions of transistors.",Flickr user [FritzchensFritz](https://www.flickr.com/photos/130561288@N04/51396070675),25
Logic chip design: Discrete GPUs,N2,50914099198_c1e2037e4c_k.jpg (https://v5.airtableusercontent.com/v3/u/40/40/1745280000000/U3KgPUEY0MrCa3LXz8y5Yw/hZBMTGrBwy6MkqUMz6HhcpYrIJzNPUzFrWc2SZE8B2LF83vyvx2wrpp3drTk8VgoRtLkroKjh04bjX0IE8rEHOtan_PJ1JFAOZMyQXmex1INalITZ8EJVCBKyOTG74aJzuVycEYqXZcwpxKdpFMrNNteZdBZnGC8q85hEOULgQM/wFL18UPwoiAyJSPYTgdRbZglUUHFME2dZcdDMPtS1NE),"An Nvidia TU106 GPU, manufactured in Taiwan using a 12 nm production process. This chip packs billions of transistors into a space the size of a postage stamp.",Flickr user [FritzchensFritz](https://www.flickr.com/photos/130561288@N04/50914099198/),25
Logic chip design: FPGAs,N3,6526303987_e77da7ebed_o.jpg (https://v5.airtableusercontent.com/v3/u/40/40/1745280000000/mUi23KK77aE6vZg2ux9ILw/DYDr5dNDWlcA8oF9qRqdB7ZCoxq844xaUTmOoBg5Flpvqd-z2EnidJ-pOEVhec5xJAfbOvafCIBkrnzqFf05_Ha3rumIGMEmvTrkmHc1YnSMytCIeqKY-xY_rS-GsmVoQR60I7FeJUvP1J4ScigCczjZlQ_1RsRCqVzhsOb-OQo/z7byN3z4w9X7InHwevizMhQCjIs7a06imbCzgAzjF1Q),"An older FPGA produced by Xilinx, now a subsidiary of design giant AMD.",Flickr user [Uwe Hermann](https://www.flickr.com/photos/uwehermann/6526303987/) ([CC BY-SA 2.0](https://creativecommons.org/licenses/by-sa/2.0/)),15
Logic chip design: AI ASICs,N4,34209801284_6425b91023_o.jpg (https://v5.airtableusercontent.com/v3/u/40/40/1745280000000/6Ri8gVXB8o4ltLuJaxuZZQ/BiPzjwLafnR5RRcgvR00iNcOkrYCCndnI9KNKJ_youFLGYbBse5nU7GjOPvdO6-nCjrCTSXDCf_2Ub6EUf4fIMBnk4QIiwVPwCd7vv3g4k5lzDK_2iGUG8UINeJ4aSVS7ofFt2SAqye0zPQy6mq26LDPF-4JccIoTygn8hWr2H4/WX9DI5YMTR__86qkqQVpyQvt7QTx8OV4jtbRJByBOMM),"Nanoscale transistors observed with an electron microscope. Leading-edge chips, such as the latest AI ASICs, can pack tens of billions of these transistors into a device the size of a fingernail.",[IBM](https://www.flickr.com/photos/ibm_research_zurich/34209801284/) ([CC BY-ND 2.0](https://creativecommons.org/licenses/by-nd/2.0/)),0
Crystal growing furnaces,N8,Si-crystal_floatingzone_growing.jpg (https://v5.airtableusercontent.com/v3/u/40/40/1745280000000/xzqqShKTj4IUN4Db7iiKHQ/wYaYJtMSv4q-OWrNX1dpnY8UUWuCv-n8OxfdrLaoRsRLjhO93rAFTfpgoTEtf9lf3CuwDHS3Cu8Ns3yVvmD5iGiCIZ8bcRVrNUOGTk2Q_lKcsxYPoELyJIfF_HlHf00K36GYS6r_O3s6Ac_sb9tt2WenwrYn2kRH4SBfLlr9jac/55McUyyOj9Cscsx4DwY8hx8o0MM2DK7EWo42gfbTrUE),An ultra-pure silicon crystal is grown using the floating zone process.,Wikipedia user [Marathoni62](https://commons.wikimedia.org/wiki/File:Si-crystal_floatingzone_growing.jpg) ([CC BY-SA 3.0](https://creativecommons.org/licenses/by-sa/3.0)),38
Crystal machining tools,N9,9788999284_3757d33d81_o_d.jpg (https://v5.airtableusercontent.com/v3/u/40/40/1745280000000/ViFAgpT1WxuXp9PRw-sDHw/oZ9ZeKnKjqUqac1EyfxCPP4f15cih8XIJiXyNyPB9ZPZ6nc61vmaomNhll7i_xmGQk5dE4yvrTru8d3bmewGNqARCz--cRbmAK7ewT91tuSyh2fy-pOHZqpNhSCe2gy8-tUhcO0PIdM8OIvuEF6R-cmI-zIhGhL4fQlY1EygHbM/0CNQY0UIb_iIMKwiLEj96lrrCfSvgVD-4iHNwj0PLXU),Silicon wafers are inspected in a university lab.,United States Department of Energy,20
Wafer bonding and aligning tools,N10,UC_Davis_Cleanroom_(45490130562).jpg (https://v5.airtableusercontent.com/v3/u/40/40/1745280000000/VJTjFtZ-JlhEiYykFbFiyA/Ud_Ja4tlmDYeAvkda5ACHUaZklqzqJ7gLHCE9ozm06fnDcX0p5dDnNV2GRwPYk077_D0OWi4v42uBR5jZHWdrc3IBe252qyWVucRCQbl6TVNRw3A_TyDE-1unjCznyLyN_HPP8sHm9Pi8Pfhzj1zSols_dBJS8eI6YHR-JvNy90/-dOpa_pkiGdWGUUP4mOmCm49QFU26_TvTPQzQ2PL00o),"A small-scale EV Group wafer bonder sits in a clean room at the University of California, Davis.","[Lucy Knowles/University of California, Davis](https://commons.wikimedia.org/wiki/File:UC_Davis_Cleanroom_(45490130562).jpg) ([CC BY 2.0](https://creativecommons.org/licenses/by/2.0))",25
Ion implanters,N17,3524974169_b40b2830e0_o.jpg (https://v5.airtableusercontent.com/v3/u/40/40/1745280000000/8nviY-P7n-JClCbENpjg8g/ApOcIndkP9YxEbjx1JmzDtQ9M2O5W-3giP66jKHGLtiCDg73YP3LYY2W16E7Q-NYiNClYN2qmHfugZFDBZPZap8DZio481_Iolq5NUPBY2903_CFl7vYWWQ_rIjKQNBHqjI_RDe3inmhnPGlloWu3nsL-BaVZ7mwD7NfErNlKsE/SYy-jfILf2LQiW-wf3FJS750QobYU4-GScTPfNcwGQQ),An ion implanter is operated in a research setting.,[Roy Kaltschmidt/Lawrence Berkeley National Laboratory](https://www.flickr.com/photos/berkeleylab/3524974169) ([CC BY-NC-ND 2.0](https://creativecommons.org/licenses/by-nc-nd/2.0/)),26
Advanced photolithography equipment,N19,51430260949_8599ddc51c_k.jpg (https://v5.airtableusercontent.com/v3/u/40/40/1745280000000/lPkovtyVLd72p5GIgs_mZA/EK9kQFlSXGnXJ8c6Z9R3CM3MhI4HI80bHVDcLRWBloHxFYXZcMdCJTWRYp1yibvtj8gUTXo2pEvXo-Agy1EfpKm-FjB0m3DKH4es7g0kgZ5azTrcawA9uzQ1LlMLK3YXlz-D1BnTBOvxt9IMjJAPjZjaagTi-eL7lWyb1iyt9rU/DeGDqG4klC-m7YMDT9ul_RIaelOBNOg-sLOkFOx7Myc),"Close-up of an AMD 7 nm ""system on a chip"" device. The penny-size processor contains billions of transistors. Producing chips like these requires photolithography equipment produced solely by Dutch and Japanese firms.",Flickr user [FritzchensFritz](https://www.flickr.com/photos/130561288@N04/51430260949),22
EUV scanners,N20,34209805784_e7f5524baa_o.jpg (https://v5.airtableusercontent.com/v3/u/40/40/1745280000000/G6lnrl4o1dlIa9BsSzzNIQ/34opZxg-kDw8A3cEs3loJaJRROO4QmVtDV0rv0M1BSU8Gjns2kXve8mvsFTeR4Sf4NO4ItPgHXiX3S2OkzX9fOmsnPpxfwGycHqspZlS3s7TpqfzuPSNH_y9gz2sIZap3c6DI4RXLOCXL_4oweQeGMNxarmlOEw4_HT0Nm7LgZs/_OmZhqXAe_DDaFY6FqazSbh_3uETYt5t8WWDccTTtyY),EUV lithography equipment in a research setting at the SUNY Polytechnic Institute.,[Dan Corliss/IBM Research](https://www.flickr.com/photos/ibm_research_zurich/34209805784/) ([CC BY-ND 2.0](https://creativecommons.org/licenses/by-nd/2.0/)),15
ArF immersion scanners,N22,51772117816_d21e4c08d3_k.jpg (https://v5.airtableusercontent.com/v3/u/40/40/1745280000000/yLPQz6_DAgNCAtu2GHAIUA/x7O_IM9_PiyXax0qo3XKpsHdSoeIt_VZF4nUD98k3x29Oyn9ZQe4LEl1e5319OcZQvLLkpF1dKIRyfSojUId5lD36R6zIKuCivfsjUYBvhGZfg-H_kpg41fb8Us8w-BoAX4TKyymqJrVLYWnXW3juLjmdwIJwFLFoCigptit0f8/SEGsvZ4B5d6n0JSOCiRA9X5vvzC7EQMHIURRAOIQbBA),A 28 nm chip sits on the photographer's finger. ArF immersion scanners are among the only photolithography machines capable of producing 28 nm devices.,Flickr user [FritzchensFritz](https://www.flickr.com/photos/130561288@N04/51772117816),29
Photolithography,N25,Chromium_photomask_(details).JPG (https://v5.airtableusercontent.com/v3/u/40/40/1745280000000/0H8A5QUbIS-8RQRoiFvYgQ/hQi29tQz7mluQxtDSuNFp8c2FKaCjUkJ2Y1GzQu0a7gBJ7wWkEa4pqwrWj9kuT_ah5TMn_EVvP3aw4VH85ncy7w8cpdtxTSRSw-QoyEGWioP9ZuJ6BPyp-uC9azW01F41yibqIK3CXUe6znHPfxU8-2Mi3gCPwglecyJxR7LXFI/JLTVH39rSksFiS5xyHSmwp2waad5rR0kdaATamaWBq0),Patterns in a photomask.,Wikimedia Commons user [Sei](https://commons.wikimedia.org/wiki/File:Laser_lithography_writing_head_and_table.JPG) ([CC BY-SA 4.0](https://creativecommons.org/licenses/by-sa/4.0)),20
Wafer,N26,50368256758_05b476867e_o.jpg (https://v5.airtableusercontent.com/v3/u/40/40/1745280000000/ZNRzH9767lk6lf3S9QY4uQ/g52usQCqykNISldQusg7fuQIMNEL4Un3xUUBKZvqjAO8CtZ0CR7NiYtEk3Pwk_6iJgru4nOjiLtWjaE-NTOU7Egq8B0INGmMPV-Wn-4zUdb761W3a9GWqKnb-sKbXvRfjoJp_RsNUax7byL9VKhy8nBDXbyRcQu1J_RDqZgoioo/tdv-vBJ1NkKeqcWnwdkINqFkd_QaoU41c5NfYV-0V-w),A silicon wafer houses rows of processors. The processors will be cut from the wafer and individually packaged.,[Connie Zhou/IBM](https://www.flickr.com/photos/ibm_research_zurich/50368256758/) ([CC BY-ND 2.0](https://creativecommons.org/licenses/by-nd/2.0/)),25
Photomask (maskless) lithography equipment,N28,U_S__Department_of_Energy_-_Science_-_390_014_008_(9566483876).jpg (https://v5.airtableusercontent.com/v3/u/40/40/1745280000000/XOM29q-B4NMcYtNwGULqiA/yNamnxbhiuL2GjbuIGcXQqi634jo1YdSgVLAgI1kcX1u5_vKSHwmmU3Y3MLb_ayACExtf4bHyKh578tSdHq--PSGo8jA9V68dS4zbG-oSP_GiC8qq7cPE7d17sWfaRCLVopBiHtr_DcVb1gU6mFNfHAoANduCJmWNetQCeYVzM0dWRS4d1PfzZ-k4_-zEM3NObFO0jIylac7mwPMNpBxwA/NSYj8SmG-cDpZMRxpynWEv-n1-vvFHIi-xLZIhBZs4w),An electron-beam (e-beam) lithography device is operated in a research setting. E-beam machinery is often used to produce advanced photomasks. ,United States Department of Energy,13
Electron-beam lithography tools,N29,JEOL_Electron_Beam_Lithography_(EBL)_(48539692681).jpg (https://v5.airtableusercontent.com/v3/u/40/40/1745280000000/9EhK4EbqTkK2FbfG7FwoGg/paDZaB2G__LbIYI774E6lvByk8QHjbXMw5_GSnPz9nC0SQGmYuEqyKr02WOaf6rWlBazd1JrnU742e1OdLl0cuMUKvxTiyrVEizGOgYmpT0OpAsl2v8uS1p0KWh8_uh7e9LsnZPpqIoHDIHLnzYC-8GtXREeu2VCmpl-laFal8PZjVKLFK5bKwrVQXhIxWoA/-Ecy3amVUYy5STez8iL0ieuBzhFgXbkRZiKGJjhaYGo),"An e-beam device manufactured by JEOL, a Japanese producer.",[Simon Fraser University](https://commons.wikimedia.org/wiki/File:JEOL_Electron_Beam_Lithography_(EBL)_(48539692681).jpg) ([CC BY 2.0](https://creativecommons.org/licenses/by/2.0)),6
Laser lithography tools,N30,2560px-Laser_lithography_writing_head_and_table.JPG (https://v5.airtableusercontent.com/v3/u/40/40/1745280000000/cWQZso5-GOMnqXSbkVqI3A/QJ2KBHcYBck_flVMZawOWhe9hn7ByEfVfHky5ekNP2sduMAcDHJtIxURHW0QrwzWD3L1VH0tdnRpkZ3t3k0YFtwjGYQx8lkZrVVntkAfZavaUvMg3pgsp2uYDbGZy5IUoGlHJ6OVAqFy2SNQORvqzUkdctZ7W8XxE-pahaJgioh2Bj-m5IMCjyXSgRj6T7O0/DC2KCu4Anbk3qzzr90y79kIIwCGSA-0oW8u9HRf3IDs),The writing head and table of a Heidelberg Instruments laser lithography machine.,Wikimedia Commons user [Sei](https://commons.wikimedia.org/wiki/File:Laser_lithography_writing_head_and_table.JPG) ([CC BY-SA 4.0](https://creativecommons.org/licenses/by-sa/4.0)),18
Photoresists,N31,Photoresist_spin_coating.jpg (https://v5.airtableusercontent.com/v3/u/40/40/1745280000000/0dHI_q-ThwhWsyDDJ_6Qxw/EF5ro_vpdqOWFXknXVVauIJmCa8r5-mwSnNSA8YhAyWuOoO9CyGPFlt34TXy3lZcdwQk56rl6oEw_VZ0N8uhejYsCbSEDI3nH8GvQu65Fp_pBki3VPK0tRmyLp59JqU1kQ0WJrf7pG5O5gwzDU9soxTTvhEIPlB2wSX2x_484Y8/BSC9mNJja0yasAtXH_RliS3fRjb_CRr0SjuKxN1i6QQ),Photoresist is spin-coated onto a silicon wafer.,Wikimedia Commons user [Sei](https://commons.wikimedia.org/wiki/File:Photoresist_spin_coating.jpg) ([CC BY-SA 4.0](https://creativecommons.org/licenses/by-sa/4.0)),17
Advanced photomasks,N33,Semiconductor_photomask.jpg (https://v5.airtableusercontent.com/v3/u/40/40/1745280000000/wDNHUXJv5_Jx8v-NHxOhcw/WxhBTrihFjn1JSDOvhwomO0sQ2WIXQMa16COOIoqxBNTwR6poxPqT_gubUPS-ghACfofsc5oIDaFJw2e7e78AoZH8EcFuLOwecYX0OvLAfUlO0_I3qYVTiDB0bN0qkvGBxT8ZGy3QQrY52aQp0n1Tyo-ZWNtT9qf5bEtehg2mUM/Y5mGmSiOPE2-H0_B9AzALbhTFADxVoQAt5r3ypA04_g),"A photomask. Photolithography tools pass light through the mask to transfer its patterns to a silicon wafer, creating minute circuits.",Wikimedia Commons user [Peellden](https://commons.wikimedia.org/wiki/File:Semiconductor_photomask.jpg) ([CC BY-SA 3.0](https://creativecommons.org/licenses/by-sa/3.0)),36
Deposition,N35,PICT0111.JPG (https://v5.airtableusercontent.com/v3/u/40/40/1745280000000/GHqAQsV6ndhNaSqsV456ZA/KxI_Vx2OjfY2uVkVD5LgtqmFt_sZvUEDA0OkuWE9UiVIaoolDSBB61NNzet-huUCyEm1hKTp7-_NEQ6dt7AMkgFeBLl7v5teo23iD9F7cTINw3KQT2jsKshHJuC6GGiGd-Yu02yCyXnwYD6bfOVZfA/26S-gdEPPoHGC1SVE5Kyli51NLcBs0MIqUbzVTip-pU),Deposition using the plasma chemical vapor deposition method.,Wikipedia user [polyparadigm](https://commons.wikimedia.org/wiki/File:PICT0111.JPG),27
Deposition tools,N36,chamber_h.jpg (https://v5.airtableusercontent.com/v3/u/40/40/1745280000000/zV6X89-wXJDY6_igBTVflg/UY-iOvTmdxSZBgA1ETh5O_n8TJzLaTE3uSXMZHUSaWO98qxcFXb7STs6Y_14aVfq8suJNmgXWrfOfX0JXTkIMqhCFH1xxk-7npsHwIsKle5o3HI9Q13Fxkh5vb_0kuXLwGNtzrDDSs84BLjO5Kjw1Q/6Can5RhcT0CO-j4XxxJVY_8W6cVZNBNqYuv1xijOCdg),The deposition chamber of a chemical vapor deposition device used in research. The three nozzles spray metal oxides onto the silicon below.,Wayne L. Gladfelter/National Science Foundation,26
Plasma CVD tools,N38,2560px-Argon_Plasma.jpg (https://v5.airtableusercontent.com/v3/u/40/40/1745280000000/6hd5IvI4wvq6h_IK0Z0GIQ/pwC2OHe9YkOE3OmjJQpcvCRTbZWaqD_BwGUS_QZHxFRj2e4PRRopxvEVKIjvdIpERS8D9Fr5MJrS30mubH-aOAwH_9n5g1yJu8YN8F-ctcsmGz-N2GQT1W3_hr5xkt0DyMTzVaTdA5YwUNwbOYak8EhUr2ResUG5-r5xzSZk3Dc/HGLogOK_xjfAoKNT7xHbGTDszfUz-yf6JmHY8cmhjoE),Argon plasma generated in an experimental chamber at the University of Iowa.,Wikimedia Commons user [Windchu](https://commons.wikimedia.org/wiki/File:Argon_Plasma.jpg) ([CC BY-SA 4.0](https://creativecommons.org/licenses/by-sa/4.0)),25
High-temperature CVD tools,N40,2560px-Chemical_Vapor_Deposition_Setup.jpg (https://v5.airtableusercontent.com/v3/u/40/40/1745280000000/kiB0gB_G4xPrNkoOdDd4Yw/JPHrzoJ2qxEp1Iw9QgfsXEqjBcwluWfimw_yXbu34oJFHM-YH-CR7pYfU4rMsA1dR723OdFZGD-jXP-wu3OMckOMyN4-UzZdWcpMRLXf1J4UMv8oJV-Q9pGZ47krAru73l74DoNh3PEqnEoDeYfpZ0f7qn3S_FBsKbNIgbN3IpVREjmSt9Ojub3ALgzNftHZ/qXSK8HfGC76vQMjt9ihWcgvwHDDY2f7uX0-__Mdf3G0),A chemical vapor deposition furnace.,Wikimedia Commons user [Aksy88](https://commons.wikimedia.org/wiki/File:Chemical_Vapor_Deposition_Setup.jpg) ([CC BY-SA 4.0](https://creativecommons.org/licenses/by-sa/4.0)),31
Atomic layer deposition tools,N41,Goddard_Technologist_Vivek_Dwivedi_(8051292351).jpg (https://v5.airtableusercontent.com/v3/u/40/40/1745280000000/7sDqsDnKovzClQOoXXCy_Q/FV6qzhJoa8BIRu2AFmOr6rEMAfrgyFTOK_rx-Xm2yXWuZCnwYFcoK5aHxJEDTnBCqZFRjdB5Jp-dEnuHdS-O5GZWf9QDEYlS45WfWugiVoShpJhKZQWlWkLWlXr0fQGQyMU0DHUTOus1bbWwpq9PUKjqsU2p8NxztTGD4M4txK4qK1LS6OzcDptU07kMk-1W/iozltNDB0XN5KHatP52Pgi4R6_AwhH8pHPm1t1hDh_s),Researchers operating an atomic layer deposition reactor at NASA Goddard Space Flight Center.,[Chris Gunn/NASA Goddard Space Flight Center](https://commons.wikimedia.org/wiki/File:Goddard_Technologist_Vivek_Dwivedi_(8051292351).jpg) ([CC BY 2.0](https://creativecommons.org/licenses/by/2.0)),40
Physical vapor deposition tools,N42,Au_sputtering_light.JPG (https://v5.airtableusercontent.com/v3/u/40/40/1745280000000/nhX2vLtwjL0Udp-S0sc9RQ/l7EZwNNZslSMVpvRAmgkGVqDapBermLcWNtPzZItflS-HujMvjiv_lraauf0-1xMnm8Fo1dKfmLloNIgcjYsHQ_1J2l_CaBH7sRDFG0uQj3-8jAbjujaPBXpEET6k7-RVeYKpQv1fU8MZEyZcMbCgG0RNNmpZ8Upg7fjD03KW_s/D6v4fv7u0sU11tbl28jqmQ7Ln0wef8yh96uUsLx4EvU),"Gold atoms are ""sputtered"" (deposited) onto a substrate in a physical vapor deposition chamber.",Wikimedia Commons user [GcG](https://commons.wikimedia.org/wiki/File:Au_sputtering_light.JPG),21
Etch and clean,N46,Dry_etching_test_strucutres.jpg (https://v5.airtableusercontent.com/v3/u/40/40/1745280000000/3PPMaa5Dwt9SNXKXqMgRHw/05fh7KBXJMegimAsVH_6TX4J3TT_7uw3CNnkBbA82Zi5nmWWDBfS9SE8s6XtqeIjQ2iWRn4OYhw9ovbqVt6u4W6xQV-gDf9TS3wU0W38aDCpzJtmXF3i0vq-pbEj-0J0gK41Ze_ENzYHPrRIwHFbzuV3PfYY21Ko_spUOW_-z8w/6RItpU7BdMvpYbwttRpx-OxAztrepeHGI9J8lRGCASc),"Test structures etched with a deep reactive ion etching tool, magnified 32x using an electron microscope.",Wikimedia Commons user [Mgerit](https://commons.wikimedia.org/wiki/File:Dry_etching_test_strucutres.jpg) ([CC BY 4.0](https://creativecommons.org/licenses/by/4.0)),40
Etching and cleaning tools,N55,Etch_depth.jpg (https://v5.airtableusercontent.com/v3/u/40/40/1745280000000/z3hHxhSx4rbCDYxh2f_aoA/8J5ezpaNv0VOeaxBTN4R6K04aazR1kZGQQt24Z53wYAG8JnWXaBI78kBXb9vw8ami6GQSkEvRTdIlKv04SXly3U2RXAbFlX8vpELi-EQBXTHQ7eKuEF6r8-uFs9wS3bKUa53gRSYseO8HPV5_IgBww/rWFxQKfAWTrt0De0H7CyGAq--JFoYIXTSidy1FRE1zY),"Channels etched with a deep reactive ion etching tool. The deepest channel is about 100 micrometers, roughly the width of a human hair.",Wikimedia Commons user [Mgerit](https://commons.wikimedia.org/wiki/File:Etch_depth.jpg) ([CC BY-SA 4.0](https://creativecommons.org/licenses/by-sa/4.0)),0
Chemical mechanical planarization,N57,50914098903_e113113b94_k.jpg (https://v5.airtableusercontent.com/v3/u/40/40/1745280000000/Ljoii_nNFTWWzS3jdN3Eeg/JH4ILLTpViCViFy_Vtd9hVOk23J-ZOInIeEbp3TQbsVmess5F2xccyJelHdLgYn9cXTJ7iwinULwqj-00N6rYWPiYgnd70W8soiLdbuZjXTVJnQ8b20MFf8-fNK7ZDAJjQR8GH9c8bTgyKGARv05QpoJZCcOtWeX5PysElBUj_Y/Z5lKM72UR6jtNKQuud94kIf71Bzs06E-5SshkREDMYk),Side view of an Nvidia processor.,Flickr user [FritzchensFritz](https://www.flickr.com/photos/130561288@N04/50914098903/),22
Process control,N60,52193038285_c2cec7c12c_k.jpg (https://v5.airtableusercontent.com/v3/u/40/40/1745280000000/0S3fML0yX_Pb3dF68qLlCA/rNWd3auxKDypzcGTY0-kFN44Euc_HqZG15nthrYbUFXU3meZQYX7R7wsfs7PaA3-48jIxh1cJgZMHZ0-3vtUC_ufCYhtZwCTJqcNwyOr-1zv_lAAB11ycQP-uou4UWJ7LC1cx7ONkD7JtThJo6mkjAHS0mbQw2NXn3MSKz9YR1c/waujvlXRVVJL4h-k4ywghvlqsi4uzMqQqyjbMrMnuBM),An Nvidia graphics processor manufactured with a 16 nm process. Nanoscale manufacturing is only possible with sophisticated process control equipment.,Flickr user [FritzchensFritz](https://www.flickr.com/photos/130561288@N04/52193038285/),30
Wafer inspection equipment,N61,UC_Davis_Cleanroom_(45490135442).jpg (https://v5.airtableusercontent.com/v3/u/40/40/1745280000000/4r0yWn3M9sjJAzfjwjuiVA/Gtk5jAbchN55wJSNpYr8U9lGVCe4qsyMCBqCHf9EXASnsfIuaE3-LhXgskLp9jfjzkUWGTBMyw3ZtwK4TWmY2G4Ia9_5ZfeB99JYLpaFTge6RHNNJ4Ss-C4djytPdM1Fp88RJDcPPnjQPcNaCaJy-lpGksjo-j7nYvb0eNtVG14/xZnwH_kcNUhTQyC0GktBSHMq5ZkpHbrRMsexGRcwXVY),"A research ellipsometer at the University of California, Davis.","[Lucy Knowles/University of California, Davis](https://commons.wikimedia.org/wiki/File:UC_Davis_Cleanroom_(45490135442).jpg) ([CC BY 2.0](https://creativecommons.org/licenses/by/2.0))",18
Film and wafer measuring tools,N65,Ellipsometrie.jpg (https://v5.airtableusercontent.com/v3/u/40/40/1745280000000/SrLylrJv4Azv3SSInwldTg/d5YGuVkcHu6pg4osa4Wor_ijQDyA3HCVICWOVJSrO-l7ULo80ccxLOUgwVj8CKVVbtdnKn6Lhj74fF-8EyljrSWx95jMxmtz6zCo1B5XbRZALFsBgFocjtm1fIFk4FZRXIH0Od8bipfDUIDb6UBjlA/Eic8Yq2afyRiTDOMxtQwDOoc872AdzDbm0KZN6fb6gM),Inspecting a silicon sample with an ellipsometer.,Wikimedia Commons user [Jule](https://commons.wikimedia.org/wiki/File:Ellipsometrie.jpg),32
Critical dimensions measurement tools,N66,Supra_VP_(6908585171).jpg (https://v5.airtableusercontent.com/v3/u/40/40/1745280000000/h-no-TvHTCGZeWCbT2aLiQ/prfHVRAbxeh6M0TuldGiZXp4BzNm1RRt6SnmtKvsMkeGQ0MYhgi4Z41psm1nRDfWxRT_QB4-n6ryAPCzPVtPn9JcUvSioXZxb2ddpYhttgOe7rAM-AcOnA83que4sb6yRQwffMOGjQZ42VaxlBScRkzRC-sZE2ai-udZElOg6BI/HN5jii1UBRYdu-4xevPrq9h3C1WPLRFg6-ouaEJfzPs),Scanning electron microscopes like this Zeiss system are used for dimensions measurement.,[Zeiss Microscopy](https://commons.wikimedia.org/wiki/File:Supra_VP_(6908585171).jpg) ([CC BY-SA 2.0](https://creativecommons.org/licenses/by-sa/2.0)),24
Defect inspection tools,N67,Fotograf-Pelle-Sten-17.jpg (https://v5.airtableusercontent.com/v3/u/40/40/1745280000000/g8hW1CBGtlCWKxctEJ-P_w/iYK7FO8LcvpqRO25T9V9QXUDZB2hkincT56x6ycr0xghUAIzrNJtbrYXa5pBLWUmkaNV8c56FVo9cxzLLIxvTzSWQCMyBjRGSFjtiztd3SDW_e0iOJ1mWO12qFX5KzH7z_hYafm4ydHi4WYNlzLg4qslrKZxPkdtyMPyoMHubrA/tWJaiHaRwQSEpahQ21HK8ETlLPYZPO5qdCPgi2tYveg),Operating an electron microscope in a research setting. Electron microscopes can be used to inspect semiconductor devices for defects.,[Pelle Sten/Riksantikvarieämbetet](https://commons.wikimedia.org/wiki/File:SEM-microscope_Riksantikvarie%C3%A4mbetet.jpg) ([CC BY 4.0](https://creativecommons.org/licenses/by/4.0)),20
General-purpose microscopy tools,N68,2560px-Environmental_Transmission_Electron_Microscope.jpg (https://v5.airtableusercontent.com/v3/u/40/40/1745280000000/elYRSajXxX5MueqTHw5LMA/rqevXdOPq_pPuuDD68UcQyNJiKEpH4A9he6cLObp2JbvufYbA3387E0aDXVB2H-LgZOOkfTcMqj-xNMx_g5itGkzZgSr3himQ2N0nD7icig9HSNkL0iW9-AS-U-HIEwasYyk0ISKDC9F1fzfBFGzKeLp8ICd70RFLMuMY-5EHDO7L1YocvFFppZgzhNz9nxlRGJJdygMdO4GuV4nUwsv5Q/dHCvpxsNjFB9EtwFdvdHjVj_bLKUgdTQp_dq1iAr0P0),A transmission electron microscope in use at the Pacific Northwest National Laboratory.,Wikimedia Commons user [Reneegas1](https://commons.wikimedia.org/wiki/File:Environmental_Transmission_Electron_Microscope.jpg) ([CC BY-SA 4.0](https://creativecommons.org/licenses/by-sa/4.0)),27
Assembly and packaging,N69,24573702486_f85c6626b8_k.jpg (https://v5.airtableusercontent.com/v3/u/40/40/1745280000000/lg5vt6rFXboOOKZwPExzDg/0gUlaS68mPQO9VouH1SU3097AczyPHhEaAMEtBDp9_T41ym3-1naa__lBr1Y0KJHfpHgCX0u-TcDboD7UhhdOxU90HTwXKR_FFBNTGlFUBjGbbefIcskcMFPED0Bx9JTbVi4EJ670VSBcNRgIk5oC3eL1J71dGGbNog9Vxwd1Mk/bC0lPSo9mb2E1B8Ak3ck0BZDM7o-NFY7c2Y4tynwNKM),"An older-generation Intel processor sits in its package. The package protects the processor, removes waste heat, and provides an interface to other devices.",Flickr user [FritzchensFritz](https://www.flickr.com/photos/130561288@N04/24573702486/),32
Dicing tools,N71,A_semiconductor_wafer_on_a_dicing_(blue)_tape__Few_chips_(dies)_from_the_wafer_have_already_been_picked_up_(removed)_for_further_manufacturing.png (https://v5.airtableusercontent.com/v3/u/40/40/1745280000000/8RdSuGNdvNh-4kGX9CJ0UA/8fCVbJ-0NVMPNMXFqpZP-dKg6h9foxB5Rtnk7tMQyEQmLQ_rNWbeLruftqvmc8CWeZ68Y-gevIoE91qx2Fdr_KR1qXp1i5tJ7FT9ci7naKmOdKaiDl_HOkeb1m9Yc7txxLk9-cvIWbDOL7uCSVFRn0GF7H1NXe9rBOzkdBPpV7W93WIYF_XQ4I4hvHi9G4LSmoMcUsj28oRgYRAt2PJ8HgUVEp3qotP3cmUePcNGxe4Z-UB09MqJYt-cBCUUa6h2M0_DwqHbjVm6wu7ApiPCZ1qliO0xcSCv0G6U-4bEwoBAnnnws5HKsAMyPHYNBJ2t/nZ8xoJkk_TzJEgUogYGUf4soBf_fw3B-5IiBYhKQbmo),A semiconductor wafer partway through the dicing process.,Wikimedia Commons user [Khpsoi](https://commons.wikimedia.org/wiki/File:A_semiconductor_wafer_on_a_dicing_(blue)_tape._Few_chips_(dies)_from_the_wafer_have_already_been_picked_up_(removed)_for_further_manufacturing.png) ([CC BY-SA 4.0](https://creativecommons.org/licenses/by-sa/4.0)),33
Packaging tools,N76,50134633916_7ba66988ad_k.jpg (https://v5.airtableusercontent.com/v3/u/40/40/1745280000000/ok4t_sPazcySgg0iGAIxqw/ipRdn686X8xKnZEjl_lVOMj6ZnovLgoG798tsZRHYBq03pzHn8JL2RQ_hJIt3gQ0jW9kUUABKIn8iBN_FdfZWlbn3NT35--A196104-ENVA67gam8y_dhnIR8zT0yhVz4TEIax495ptcNal7dD0TO47PlVOsXa1PhtuWeIHj0jI/cpI3RxqipnuNPPVXRo3tZ3pSkA6c4sQZsnDRdnUW6rQ),Part of the package for an Intel Xeon processor.,Flickr user [FritzchensFritz](https://www.flickr.com/photos/130561288@N04/50134633916/),30
Testing,N78,Wire_Bonders_(K&S_4123_and_4700)_-_Quantum_Systems_and_Nanomaterials_fabrication_facilities_-_University_of_Exeter_-_May_2012.jpg (https://v5.airtableusercontent.com/v3/u/40/40/1745280000000/yiMlMCO0b5k7XhO_65bB5w/HfAynAfzGqKLbKeRlq_0Tb0iIdo7aj1n-lMGulUHFI9jt4esSPmodhznqtieC12SCr3g3q6LBUCYXbWlH8_lWCmdAj2hdwX6tdWmXUAA_59oJ8v-4Gm3CeCaA_ujiXDMZ98LXKNRccs5jGs80qKi8cdq4KoUmIt720aNMwJDsf9mdh2A5WJe13Cf1_y95asXT4f7pjwuJ7j-wEkmgNEWaRSnbv68a3Y4Ykui5aMOdLje8bZcE_MEtXAJLZ2nU9FwiuOVYwExEw7n_bbS_QN5g6JkXd3R_7Yefjp5S8EuILk/8VsDGBmFmoOllbLim3EUzuyEASSuNSH98VOZqh-cRgI),A researcher applies test probes to a chip.,[University of Exeter](https://commons.wikimedia.org/wiki/File:Wire_Bonders_(K%26S_4123_and_4700)_-_Quantum_Systems_and_Nanomaterials_fabrication_facilities_-_University_of_Exeter_-_May_2012.jpg) ([CC BY 2.0](https://creativecommons.org/licenses/by/2.0)),40
Handlers and probes,N83,lossy-page1-2560px-P300J_Wafer_Probe_Station_tif.jpg (https://v5.airtableusercontent.com/v3/u/40/40/1745280000000/ZTjrhjbI-RTmguJJ-0dO1g/r09ZKx1-EGaXEwvGOHGdzXqKTzCKLJKDv5QpCfyKAAMR-_MVU0xyVctHdbkL88wpL9E2v4D1ZWfoH14JCZ7KOIY7e40LBQNXmktsQybN2dR9VQSp6rJikFZe5ZtZx8PpjlRjlOCGM-59PIDb6F_DafjsQ9URp7en_97J7yghW5ARol1uH35shvixcOrfAX7r/Dz4Ju0EYUZXFdCvxIHDZgZZEBtZJ04kG0YahqHt_hCk),A wafer probe device.,Wikimedia Commons user [Rgarrigan](https://commons.wikimedia.org/wiki/File:P300J_Wafer_Probe_Station.tif) ([CC BY-SA 4.0](https://creativecommons.org/licenses/by-sa/4.0)),39
Electronic design automation software,N84,52192810434_01a93349f5_k.jpg (https://v5.airtableusercontent.com/v3/u/40/40/1745280000000/0jnO7LBoAHLoPTekjcdsNQ/p0AgO1qMLAjo7FY0_VbqeNnw4OBrJA-pHrfAPQ6k3yspBIgqaVSl1vGlOBp9IA6tSzbh3pRsEYu40swI2DOMgnEHM6rfTAFKDyqP6dFBIl-xw6gTgwnaOmLNu3hCZLb26xSO8AsqjFbfxkZjrBBOuP0ebcPFI0XB17Ug-Ky-PYo/8EpeLHV-XNgeYXxhnZGgr8bMQOomFzIeR2aJjKkhOoo),"Details in a graphics processing unit. Specialized software is used to manage the intricate, nanoscale design of modern semiconductors.",Flickr user [FritzchensFritz](https://www.flickr.com/photos/130561288@N04/52192810434/),20
Core intellectual property,N85,Screen Shot 2022-09-09 at 3_56_55 PM.png (https://v5.airtableusercontent.com/v3/u/40/40/1745280000000/KV5XwR5dZiRTVnjgRWRraw/RIjNE03UGLGKb6_Cvh6HU7aTd6vihKPEQ126Q15f_31KYxN8XebqG3ZPZF1lyS6991DVJT3XiiLi7yv128Dm4W0ZuQgQPwe61hTthnhKfmoyvd-8q2hDwGvDW7KRJsnCui1gahf2isUCuLF5NdDQr4ImUzZvtze_QmZdjsxdpdU/UpkgD7JcO3IB0tst6H7KjG2v3k_8Y_JTCMHUrkdQwDc),Detail from an ARM patent for a circuit device.,U.S. patent number US9912338B1,33
Chemical mechanical planarization materials,N90,Rareearthoxides.jpg (https://v5.airtableusercontent.com/v3/u/40/40/1745280000000/HA8X2z-lHyFVE8uCwLuBaQ/KhqR6vRSl_M64WQnuvItKfly0MjXczbL-nfyBM1jUhfVJDN3ZASMRf7P-sAOoD2R6EHbw7dWq4XiJBhW4-7GJ4bBm7hM3nP9FUFedu__Tz6jU5VjzrIRnkHGOy6HG1_lFvvjE7pvCgS4uwh502q_ag/3L5NwTNUZJpWh7NyVfQrN5FxWWr6Gd_jvoXmFinNSzQ),"Samples of rare earth oxides, a common ingredient in in chemical mechanical planarization slurries.",Peggy Greb/United States Department of Agriculture,27
Electronic gases,N91,Alabuga_Air_Liquide.jpg (https://v5.airtableusercontent.com/v3/u/40/40/1745280000000/cMJBu8waVQAcf-C2v-G4fw/LpJPYiaiVbw32p826pnTvuYtrjoBqRNOEAES3Ck0t9vgfgjp16itsphKfkj_vge4A2Q2CX-WqrueIBNxjQ_YwsXUYFNbEGSAEiEec5lwZnDNT_iQvkAAxhWm-gpT0GMMnv2EdH-rqVVvUDptG6mOt28ckneQfCWS8AmuJ91-0q8/VPvIRM_qspg-qWG8AY_81Af_C2nnTuOUF6jtImLFa8o),An Air Liquide plant in Russia. Air Liquide is a leading supplier of gases for semiconductor manufacturing.,[Wikimedia Commons](https://commons.wikimedia.org/wiki/File:Alabuga_Air_Liquide.jpg),33
Wet chemicals,N92,2560px-Вагон-цистерна_для_соляной_кислоты_f003.jpg (https://v5.airtableusercontent.com/v3/u/40/40/1745280000000/AF7EcJCJ6D9VIUgtaqt0-w/vXD3tYXb9dMixBRJaqstRgIpp5m0m0SkNoo0pbCaHcw_VYwBi393oFzNSyPApwzIRqiN4J5bDP6NLRc4VA-cFKEEnUz8wqbOp4APwOiVE6G066OFNIc4zM1qPvbQB-n3C2mJS2YJTmRn_aJVeY1vFw/AqdIEkP7JhOAGeMyzo_OBsrXK956f-P6FYv_eESWpTg),"Rail cars for transporting hydrochloric acid, an important chemical for semiconductor production.",Wikimedia Commons user [Ural-66](https://commons.wikimedia.org/wiki/File:%D0%92%D0%B0%D0%B3%D0%BE%D0%BD-%D1%86%D0%B8%D1%81%D1%82%D0%B5%D1%80%D0%BD%D0%B0_%D0%B4%D0%BB%D1%8F_%D1%81%D0%BE%D0%BB%D1%8F%D0%BD%D0%BE%D0%B9_%D0%BA%D0%B8%D1%81%D0%BB%D0%BE%D1%82%D1%8B_f003.jpg),30
Lead frames,N93,TQFP_Leadframe.jpg (https://v5.airtableusercontent.com/v3/u/40/40/1745280000000/m9fqXl4ckVEld6NGDUvJxA/17SZN41BPA88kXO74h1kirmFRYyGTQOq8tXYd_9SLHOgbz50lJPe4KqofWoEKKKUtenhZt99H5GEsrtH5WP_j0f1mE-QCD9n9Aqrcg1-D49mJha6IqIp8S3DYbFisG60rwpI3sU_SMDksk3kcl2uhg/wS8QAya5NPXrssvAzZoGeWQ3ydMqmmdhBVzaj8FXNnI),Close-up of a pair of empty lead frames. These particular frames have an older design common in consumer electronics.,Wikimedia Commons user [NobbiP](https://commons.wikimedia.org/wiki/File:TQFP_Leadframe.jpg) ([CC BY-SA 3.0](https://creativecommons.org/licenses/by-sa/3.0/)),10
Bond wires,N94,2560px-071R01.jpg (https://v5.airtableusercontent.com/v3/u/40/40/1745280000000/3L3baXmFO4ccDQ6IiK-2Og/IE2pOY4o3XFUxKbKg7lo4TnkSekWUFyjuqSNd6U4Pi_uQ7svJ-nt9YNmcI0UStfXiBElCIwcuMOHfK5-j-YapGJldMiYmSY8Lks4Yo4MNPazSgnL7VG2_4s0450uhSQAh5E7qoMvT_thRrzBe0bGsA/o2v5oaG5c5p1kd3nBLjXOZOpiZPwDnl9zkOB1EixCXU),An older Motorola chip with prominent wiring.,Wikimedia Commons user [Mister rf](https://commons.wikimedia.org/wiki/File:071R01.jpg) ([CC BY-SA 4.0](https://creativecommons.org/licenses/by-sa/4.0)),55
Substrates,N96,51772708929_2154d39c8a_k.jpg (https://v5.airtableusercontent.com/v3/u/40/40/1745280000000/RCB1jLjdLe4Fvtx3RwheIA/IKdHwwNunCz-hpq3dfy56i7Y5rvY9Cb-X8zuLpVHU3GZIKAgCsvB2FsTuOrRIWxiqRw9TGn7q0Ar2V_v8nTOK02a3ZW4wB-nxmpIPSVY9oIv2xEuIufo0eManvIsQrXstSQ-9RJUtNf7locDSlgWd5QDSz5kDSdbfP80jK8Eg8k/fE0ksnfx_awOzmhxLiukwDj6kO7gzek4cNk8o1trWBQ),A semiconductor package (with the chip itself removed).,Flickr user [FritzchensFritz](https://www.flickr.com/photos/130561288@N04/51772708929/),5
Encapsulation resins,N97,24070103445_727d52e65c_k.jpg (https://v5.airtableusercontent.com/v3/u/40/40/1745280000000/dSmiyMZE6HaF139t4egoOA/qUvbKRwIxVKtuqp_Ojrshtkl2T67Pkb1qHiFuLcJx43AQAztpvQ9sH3-A4KgpOzSw9baoZaUdLQununzi2MqMLueqa3Q25evnJUzqKZpqOaUKNsF2r9a-1Arxvv-nqd5HTwumBt-b5x5t0Mklar1jTviaQGMmOExhSG1KP-YGc0/ecLZ7sC0-FVoLwkUwKKxysb4wlOrmGvj9xZhWxavNR8),An older AMD processor.,Flickr user [FritzchensFritz](https://www.flickr.com/photos/130561288@N04/24070103445/),30
Finished logic chip,N99,50740715301_821bfdea42_k.jpg (https://v5.airtableusercontent.com/v3/u/40/40/1745280000000/J3zau8oy9V_GlvNryerB1w/AqBPxpwa2Jjq6h5LxAQmpG6zv9l4qpJseKagXHcaDpSFkpgQI5XxpUVsvS_esqtMv2FFhtGu2vEIvFli9ul8FZyCwu3KEgkMwkvk3e_dZi93QiZ5UEdnF3daRSZEhUopYPqG1_Y8Ticy3aPbLt7SJPH5TNvwcML4qCv0eeWoMms/ZDvELTNFLB4Y6uYyoR6LKyz9Xwy_EFekpgg7BBYwPms),"A packaged Nvidia graphics processor, manufactured by Samsung with an 8 nm process. The chip is slightly larger than a U.S. quarter and contains billions of nanoscale transistors.",Flickr user [FritzchensFritz](https://www.flickr.com/photos/130561288@N04/50740715301/),29
Packaging materials,N100,23973086873_458cbe8ae4_k.jpg (https://v5.airtableusercontent.com/v3/u/40/40/1745280000000/JO5ws1JEfXZAaOWikdMKRg/_Ipd3kP_OYfg1ln79rjN0uL9_X_s7ligFXkoqrnUktWshkAK3-o4Ks-fNqw02SJwVy98lqZjMMaruIKSMjg7_Jb5DiMoNnKikD9gU7aZ5ccISlS9cLISof_-AAZNqQr_DIt0hj_N2pGuU5bD4xRNKEuhGC0GGMoI1HuNWi_Kkck/PKB8QgehSBHxsz6VmZua0A1OzmNblHZp7zlOCOIDoS4),Close-up of an older Intel Celeron chip in its package.,Flickr user [FritzchensFritz](https://www.flickr.com/photos/130561288@N04/23973086873/),0
[Stage] Fabrication,S1,47049386751_a80704f79a_k.jpg (https://v5.airtableusercontent.com/v3/u/40/40/1745280000000/KjWonVM6npq98f9YB4V06A/OGl_IGS8CqrZmRfmyJMBEFnc_IBVi2yU1p3RpbAGiLDfOmgVvE4T4aDsE4xp2fp9vYOev9tFdqaZA8FkYvlrTVjhP2nQCCHnhZUfpvJdj2sYo65NQwOmC_ZOt3yKBBSEkKrseTghkKeH-zMn23Jx3BcXDBILWx-4qkw8wcRRaf0/lR36749zETcesfJslIUs87YwuEJkSI1pPzcxD5ej32Q),False-color closeup of an AMD Ryzen processor manufactured with a 12 nm process. Fabricating the billions of nanoscale transistors in this chip required sophisticated equipment produced by only a few suppliers.,Flickr user [FritzchensFritz](https://www.flickr.com/photos/130561288@N04/47049386751/),35
[Stage] Design,S2,Clean_Room_at_Center_for_Nanophase_Materials_Sciences_(7209792180).jpg (https://v5.airtableusercontent.com/v3/u/40/40/1745280000000/8KJDAtDQnLRCTmGjtVUHSg/P4jF0Ax52VAQKRRPPtnl11tkffkCgGnnyx_l1e8QJtcartdbBu2H2TCRsxit1Cz0vSSvZE4V_Ler6GSsYKg-JSV9e-ANjjS8g1k-MGIuxxgZScpmgM-51ZrK-VJj0ZFB33SvYdG7nj9dLWhKnw1MNqu-_Phi3DtjhboUXQxgPJV_y2OP7XIxhGVNs7dmSODoxkAHXZ-cjs1zsS0PIBLrbA/UhUTh0dbvTQ8wRrkJKfQdaSdPMpm1B4gvEKBkeFXJas),At work in a clean room. Microscopic contaminants can compromise the intricate structure of modern semiconductors.,Lynn Freeny/United States Department of Energy,29
[Stage] ATP,S3,51373058295_894a760403_k.jpg (https://v5.airtableusercontent.com/v3/u/40/40/1745280000000/P0dgec68fSgEDGFRQpeTyA/EOkp24UDyqkH9cKPXZU9pNc3SnyL9uZh7MC2MuHa8kBriRJZFRqXoJ3WvylbzqL6myjMmpBBWX6F0s9tJVPtejkQ3jTNHtVy-JMOZ-LMyzbn9EziVFjj-gwTdhX66kOv7h7j-sTrOK9jYFeHtInAa7ZV2WACcs9u2cKkHkYvmTk/bcLOA9F9d5vcCqCxTRU3E7eMy7oR8PEjUVbkIZQL5Sw),"Package (without chip) of an AMD Ryzen processor. Semiconductor packages protect the processor, whisk away heat, and connect the processor to other devices.",Flickr user [FritzchensFritz](https://www.flickr.com/photos/130561288@N04/51373058295),26
Logic chip design,N0,53027546802_a056404bc7_6k.jpg (https://v5.airtableusercontent.com/v3/u/40/40/1745280000000/72fX9VRgjB3zeuqnMu2ZPQ/P70z1g3zD82Rxs-VppPqF9fjTB4w3ZvS7Nq7x7jzSROtlO-tKKb9_i3Zc_qDTWYkw8auIijqd3U0Dk8ZVqfwLWgYiK2DquBI0KZgJf8Imt1SmecBOUdjHjbPi5j_2U092jBFK38giISbPKG1vgnPH68Yo-PW3x6bstGwWbrvYyXd22kTvYXoZ8C7dc8O2Dlj/my3QaNyd4Qw_zgyZFL4rexWYA8cPPK4QK01LkWf3-kk),Close-up of features on an AMD 4nm chip.,Flickr user [FritzchensFritz](https://www.flickr.com/photos/130561288@N04/54046852388/),0
Memory chip design,N5,53420777031_842e1d3eca_6k.jpg (https://v5.airtableusercontent.com/v3/u/40/40/1745280000000/GVAo_MesrWAelFBhShqehQ/4_rt3P-tMczVvzGUyfOKqVur2SQangBRFFgIuTOVhXyfwZ9x-p3ev2bUOVM1jVP3HTUUyLnkk_x8d6cDnBfhvCW_DCEs4uxgsnKOLEtBz9wAZ2XvXike-iNz7GarrXs-pnSzFGGwiMQNkwY81lQzRjT1xmyPPYndO4NSCBCx1flDWl7B_RrLuisP7rOxM7o1/qwIJg1v-VESIDWO4USxGVbE7Q-5RsitySjpyki8bwgU),Close-up of features on an AMD 7nm chip manufactured in Taiwan.,Flickr user [FritzchensFritz](https://www.flickr.com/photos/130561288@N04/53420777031/),0
DAO design,N13,54046852388_616d962c8c_6k.jpg (https://v5.airtableusercontent.com/v3/u/40/40/1745280000000/A8LId527WtjWBl8HBa3kSw/7nnALqpgggekn17VGRLpxR7qfic2d0GuP3chyy1Um8qaqF3kq4VanNIzQlik8tYy5b1DjzPX29li_0-IG-w92EMx_nUPHe87ZFzMT_nwvQlwj93YSwLJoXrLG8SRXKfstu8rxN94EnVxJmHpc5wDQ-TF6gm5_qvGVnPKNjJHfG3Y16fUUzP2q-7wEnEGkzJa/fKxI1TC3crp8lbLM4_5iaO-SuInSGeFvDHaT45tAPPU),Close-up of features on an AMD 5nm chip.,Flickr user [FritzchensFritz](https://www.flickr.com/photos/130561288@N04/53027546802/),0
Etching tools (for adv. pkg.),N101,Dry_etching_test_strucutres.jpg (https://v5.airtableusercontent.com/v3/u/40/40/1745280000000/3PPMaa5Dwt9SNXKXqMgRHw/05fh7KBXJMegimAsVH_6TX4J3TT_7uw3CNnkBbA82Zi5nmWWDBfS9SE8s6XtqeIjQ2iWRn4OYhw9ovbqVt6u4W6xQV-gDf9TS3wU0W38aDCpzJtmXF3i0vq-pbEj-0J0gK41Ze_ENzYHPrRIwHFbzuV3PfYY21Ko_spUOW_-z8w/6RItpU7BdMvpYbwttRpx-OxAztrepeHGI9J8lRGCASc),"Test structures etched with a deep reactive ion etching tool, magnified 32x using an electron microscope.",Wikimedia Commons user [Mgerit](https://commons.wikimedia.org/wiki/File:Dry_etching_test_strucutres.jpg) ([CC BY 4.0](https://creativecommons.org/licenses/by/4.0)),40
Advanced packaging tools,N109,50134633916_7ba66988ad_k.jpg (https://v5.airtableusercontent.com/v3/u/40/40/1745280000000/ok4t_sPazcySgg0iGAIxqw/ipRdn686X8xKnZEjl_lVOMj6ZnovLgoG798tsZRHYBq03pzHn8JL2RQ_hJIt3gQ0jW9kUUABKIn8iBN_FdfZWlbn3NT35--A196104-ENVA67gam8y_dhnIR8zT0yhVz4TEIax495ptcNal7dD0TO47PlVOsXa1PhtuWeIHj0jI/cpI3RxqipnuNPPVXRo3tZ3pSkA6c4sQZsnDRdnUW6rQ),Part of the package for an Intel Xeon processor.,Flickr user [FritzchensFritz](https://www.flickr.com/photos/130561288@N04/50134633916/),30
CVD tools (for adv. pkg.),N110,chamber_h.jpg (https://v5.airtableusercontent.com/v3/u/40/40/1745280000000/zV6X89-wXJDY6_igBTVflg/UY-iOvTmdxSZBgA1ETh5O_n8TJzLaTE3uSXMZHUSaWO98qxcFXb7STs6Y_14aVfq8suJNmgXWrfOfX0JXTkIMqhCFH1xxk-7npsHwIsKle5o3HI9Q13Fxkh5vb_0kuXLwGNtzrDDSs84BLjO5Kjw1Q/6Can5RhcT0CO-j4XxxJVY_8W6cVZNBNqYuv1xijOCdg),chamber_h.jpg (https://airtable.com/appHpTKGKLOH03Kfa/tblbEVBikkDv1eAbU/recLioqfuXJVMDm5C/fldloNnhS1qgGeExp/attYnNOqOjVcfULGk),Wayne L. Gladfelter/National Science Foundation,26
PVD tools (for adv. pkg.),N111,Au_sputtering_light.JPG (https://v5.airtableusercontent.com/v3/u/40/40/1745280000000/nhX2vLtwjL0Udp-S0sc9RQ/l7EZwNNZslSMVpvRAmgkGVqDapBermLcWNtPzZItflS-HujMvjiv_lraauf0-1xMnm8Fo1dKfmLloNIgcjYsHQ_1J2l_CaBH7sRDFG0uQj3-8jAbjujaPBXpEET6k7-RVeYKpQv1fU8MZEyZcMbCgG0RNNmpZ8Upg7fjD03KW_s/D6v4fv7u0sU11tbl28jqmQ7Ln0wef8yh96uUsLx4EvU),Au_sputtering_light.JPG (https://airtable.com/appHpTKGKLOH03Kfa/tblbEVBikkDv1eAbU/recCoqxxEytZFhDYg/fldloNnhS1qgGeExp/attxi3R14gyfr8YAP),Wikimedia Commons user [GcG](https://commons.wikimedia.org/wiki/File:Au_sputtering_light.JPG),21
Spin-on deposition tools (for adv. pkg.),N112,Photoresist_spin_coating.jpg (https://v5.airtableusercontent.com/v3/u/40/40/1745280000000/0dHI_q-ThwhWsyDDJ_6Qxw/EF5ro_vpdqOWFXknXVVauIJmCa8r5-mwSnNSA8YhAyWuOoO9CyGPFlt34TXy3lZcdwQk56rl6oEw_VZ0N8uhejYsCbSEDI3nH8GvQu65Fp_pBki3VPK0tRmyLp59JqU1kQ0WJrf7pG5O5gwzDU9soxTTvhEIPlB2wSX2x_484Y8/BSC9mNJja0yasAtXH_RliS3fRjb_CRr0SjuKxN1i6QQ),A chemical is spin-coated onto a silicon wafer.,Wikimedia Commons user [Sei](https://commons.wikimedia.org/wiki/File:Photoresist_spin_coating.jpg) ([CC BY-SA 4.0](https://creativecommons.org/licenses/by-sa/4.0)),17
E-beam metrology tools,N115,U_S__Department_of_Energy_-_Science_-_390_014_008_(9566483876).jpg (https://v5.airtableusercontent.com/v3/u/40/40/1745280000000/XOM29q-B4NMcYtNwGULqiA/yNamnxbhiuL2GjbuIGcXQqi634jo1YdSgVLAgI1kcX1u5_vKSHwmmU3Y3MLb_ayACExtf4bHyKh578tSdHq--PSGo8jA9V68dS4zbG-oSP_GiC8qq7cPE7d17sWfaRCLVopBiHtr_DcVb1gU6mFNfHAoANduCJmWNetQCeYVzM0dWRS4d1PfzZ-k4_-zEM3NObFO0jIylac7mwPMNpBxwA/NSYj8SmG-cDpZMRxpynWEv-n1-vvFHIi-xLZIhBZs4w),An electron-beam (e-beam) device is operated in a research setting.,United States Department of Energy,13
